id;user_id;post_id;created_at
75065603-4830-4d00-b1d6-28ff486fa74e;65a88c2e-f6f8-4b8f-9af0-d88a9ef8a044;b62ddb79-270a-4809-99bd-377585154666;2023-12-18T21:21:57
885782f4-0192-4ccd-9ee8-b9bae90c285a;6279e0a3-c106-4d22-ae51-99978e0e4224;51e8e233-84ed-4ee2-92c3-7185bc17428e;2023-12-19T12:14:10
6e3fc101-1c94-4bbc-9c8f-f23dcc60d791;292a0a9d-dead-413e-b5fd-aa9871181ab6;cdbc9f01-116a-40a0-9755-27d027b75f0d;2023-12-19T04:50:36
6d0addec-ddc2-483c-b998-2918ce138369;11802715-6190-4122-ac31-6b31a0fd03f6;920cece2-72b1-4f9f-8bcb-48b1d50213f6;2023-12-19T14:57:22
71859587-77da-4ef1-b3c2-795f573c8a55;fb22e065-1437-4006-b6b6-74769855d8fd;0f9c2f92-cafd-465b-a25f-a6293fd4bbde;2023-12-19T16:31:38
d8a7afe3-9caa-4dc4-bd81-fa74a964223b;686f3ff3-11e1-4af1-9c9b-16ee9b51ee81;c67879f9-2e9e-4a24-a8b9-2953a6e6f845;2023-12-19T02:10:58
424b6fa6-c03e-42cb-9b82-31d6d1eed76b;ec7efb51-8299-4701-af87-04210d1069f2;ec7ab3cc-72c5-4eeb-96fb-18ef35e04a71;2023-12-19T02:36:16
42d28f61-71a6-4f95-ba29-59d6602abd64;ca989ec6-d55c-43c9-b672-3e611e7711d8;7bebdc9b-b60d-4d79-bfd4-7153dc3b5e96;2023-12-19T16:36:11
9541a0ec-5dd8-4cd3-94b1-dd9726d9b213;12f3f8d9-3bae-4869-89aa-5459fdea1986;853d5d9f-800a-4fb7-a06e-3a28f1c73e29;2023-12-18T18:00:48
891a308a-2366-404c-b396-24242b7e5415;3d95845d-e676-42d9-b233-cfcf9f422528;499c674d-1d89-42b0-9ded-f77cc3070be1;2023-12-19T13:01:06
60947b9c-f969-4374-bd59-5295471ea2af;3d95df52-1533-48e2-9aab-708b3cafcd4f;3b787577-f582-406a-b8c9-43c6debda8f6;2023-12-19T04:54:10
5516dd91-5548-4bb7-b027-f98cba886dba;dd1e7a90-afb5-4fc8-879f-827a7a4c229e;fb09113e-d676-4f12-88b2-883969085682;2023-12-19T09:19:16
883bfaa6-126d-414f-80f6-f7887d67f128;dc68fed5-9e37-403b-aed8-ef1d585e46b3;d29e2b1f-f71b-4c9e-ba93-f170497752ea;2023-12-19T05:15:46
ea0cc21a-4bde-48a8-9865-921e491b54d7;b05d77ea-4277-4dd3-b1b7-58a57f00d57f;5b56f1d6-7a7c-4d5f-9aca-4ab033086632;2023-12-19T05:57:40
8769ba56-b111-4578-a0e4-9dd67618d047;65464ea5-e1a0-4a81-9d34-2b97f6aa3c21;0ffe99e1-bb1f-411a-9e73-55788347d21d;2023-12-19T04:28:59
a50cc3ce-c038-4be3-8c2c-1a116a15d3e2;8dc66f66-79da-47eb-ae9f-5b2c138e039a;0cf8f954-2c4b-4c94-9ead-8dbbc1cac140;2023-12-19T14:45:40
c7b30f42-f620-47fc-a22f-0f44f0ac8c0f;516711ed-4c69-4c87-9172-e57dfcb4fb49;4d1ea94d-ee9e-4fff-9261-d7af380d1f5c;2023-12-19T02:06:51
ed156d6c-d9b4-4621-93db-012b14329626;e1e50876-6862-4348-9a63-8b98d5937a47;252d3f3b-c367-480d-825f-6d5a7eafa3eb;2023-12-19T08:01:20
d829c82f-01fc-43f7-8fc7-249cc6c1390d;f6642767-4d8b-40da-8727-d6ed6beefc44;6b70aeef-364e-4b8b-a781-54762470f6d7;2023-12-19T13:44:34
7cfa2250-34f3-4a35-8a01-274cf4f8eb28;c2f29afc-f507-429b-9fdf-5ae75a4214e2;6b9b49a2-c579-45c5-ac3c-b0821febf1ee;2023-12-19T01:28:06
5848757b-e66d-4cbc-a648-b2a70da678aa;db0784bf-9b4a-498b-a5a5-f3837876195e;44d37651-9cb3-478c-aa88-79f508b3296f;2023-12-19T11:12:37
caa3e515-3e5e-40ab-8f5b-5517ea0fa6b3;9ca17aaa-3de8-44d8-af7a-db11811aecff;ccc562f1-962f-4d89-86a4-c76b35e5dc40;2023-12-19T05:02:30
53e8a374-19d1-426f-9aec-0bac15f61fcf;b32888b9-219b-49cb-b756-0baf943c65c7;52bd2364-bda7-42e3-b05b-7e2bbffc36ee;2023-12-19T10:44:43
84e07031-6a37-4c33-a775-8c9a12c2eaaa;f613626b-0f9e-49b9-9912-59e61e260509;c5fdbf95-c6c5-4e11-9c49-4b3d3415a237;2023-12-19T09:48:34
6a768ae6-b47a-407b-8d16-47362b01087a;07c63bff-b482-4976-969a-abb69cd14d67;09b28b0b-bd49-4640-b140-84d0a36d5216;2023-12-19T00:49:46
200f0f82-bd76-49cc-9db2-1edb3db1f64c;155ca0f5-d234-425d-aced-36845d5367a1;8fd49d30-e63c-4b36-be67-7b7201343d68;2023-12-19T08:15:45
80f17af4-b85c-46f5-9cdc-29a8cf4195df;47182db4-0282-47b3-aeaa-266582e49346;1f36c416-97e3-437c-9ba6-41dca0481faa;2023-12-18T22:37:58
eaee95df-87ff-44ea-aa56-7d7ab88f6338;6883e80b-527d-4a69-abb7-46085af6373a;c0f67f39-ee1d-4b34-a96b-27d5e6ebe810;2023-12-19T05:41:50
8463ef23-28a4-4fd9-8e57-99f4d897187e;768a9644-122b-4898-a3a2-8ead1dff8dea;f04f15e6-f3e5-4053-bee0-47f4cd8f107a;2023-12-19T05:52:47
fa5ea3cd-4da8-4d24-b78c-212f59f9c5a8;f1f96351-f909-408f-ad50-18a52613b3ba;4eafe9a6-83c5-43b8-87b6-ec6235201d2a;2023-12-18T19:07:47
