id;status;created_at;responded_at;sender_id;receiver_id
75536771-1844-4a99-b8f9-a4d14ffc6cfe;REJECTED;2023-12-09T13:30:29;2023-12-09T22:22:47;4c2e163b-af06-4dc4-b96f-6c034a39d0f1;4c2e163b-af06-4dc4-b96f-6c034a39d0f1
02a8fe58-c881-4305-8ff7-dbbe43247933;ACCEPTED;2023-12-09T23:06:16;2023-12-09T08:31:33;92a12bb5-f53b-4084-9db6-cebb84ad28a2;92a12bb5-f53b-4084-9db6-cebb84ad28a2
1aca824a-0217-4287-a67b-c4f566659a81;PENDING;2023-12-09T14:53:58;2023-12-09T18:54:50;d5ea5543-1544-4c05-8446-f28fa7223f6c;d5ea5543-1544-4c05-8446-f28fa7223f6c
6a8d73df-3dba-47e2-be67-dcb6ffc2a904;REJECTED;2023-12-10T02:08:46;2023-12-09T18:29:26;23813ade-97c5-4c3b-ba9c-f89867590754;23813ade-97c5-4c3b-ba9c-f89867590754
7d100721-a8f6-4ed7-b1ab-53ed2b6fb350;CANCELLED;2023-12-09T19:34:28;2023-12-09T15:51:18;c11cbf53-86e8-4827-b291-526dbff167d9;c11cbf53-86e8-4827-b291-526dbff167d9
cad43331-292c-46ff-abb3-52420d772a8d;PENDING;2023-12-09T18:22:11;2023-12-10T03:29:51;3ee82df8-c221-486f-9229-d6773a3b882a;3ee82df8-c221-486f-9229-d6773a3b882a
bb7904fc-2903-4ed1-883b-3e1a7eba8371;ACCEPTED;2023-12-09T07:10:57;2023-12-09T07:00:16;9104c1f1-7b51-4c37-8005-a41a5762688d;9104c1f1-7b51-4c37-8005-a41a5762688d
56873b2f-76bf-4a30-8c9a-37e25a35888d;PENDING;2023-12-09T23:52:57;2023-12-09T16:24:16;b794a41e-2f5b-44d0-88cb-96dcebf74162;b794a41e-2f5b-44d0-88cb-96dcebf74162
ac2070a3-60ba-4d99-aa82-c4e76f3c9b10;CANCELLED;2023-12-09T07:42:56;2023-12-09T18:28:15;61cdd562-3adb-4188-a53b-4117399e4dfd;61cdd562-3adb-4188-a53b-4117399e4dfd
28bf79a3-dea8-4ee3-acb2-7a302ff9a5a7;PENDING;2023-12-09T19:32:56;2023-12-10T01:26:46;88f2e3d2-0fe7-4deb-9478-2f1952432048;88f2e3d2-0fe7-4deb-9478-2f1952432048
b43bbff8-e812-4562-99c8-3075ce0506d3;CANCELLED;2023-12-09T18:34:07;2023-12-09T10:22:54;98ba9616-1d65-4621-b9ea-a819f0e351fb;98ba9616-1d65-4621-b9ea-a819f0e351fb
fd46ba7e-02b1-49fb-a8f3-4e82da20dc42;REJECTED;2023-12-09T19:29:33;2023-12-09T21:35:56;ef6780e4-08b1-4258-a892-40d85dca6825;ef6780e4-08b1-4258-a892-40d85dca6825
4cebfa88-de45-4b45-a9a0-bde7052c7daf;CANCELLED;2023-12-09T11:51:33;2023-12-09T18:09:31;3f5801bd-c771-40f6-b3ab-5f6e11e542c2;3f5801bd-c771-40f6-b3ab-5f6e11e542c2
dc655ceb-989f-4d45-9065-3be2b1c14515;REJECTED;2023-12-09T19:34:55;2023-12-09T17:30:25;eece46fd-e527-472f-accd-b91e8d0c7fd5;eece46fd-e527-472f-accd-b91e8d0c7fd5
17090dad-076f-4670-9a5c-f5bbc866c00b;REJECTED;2023-12-09T06:15:41;2023-12-09T06:51:44;7e9c5b25-c85f-4c43-9b58-63788ac75631;7e9c5b25-c85f-4c43-9b58-63788ac75631
34b8fd89-8cba-494c-a534-006825b65a32;ACCEPTED;2023-12-09T22:45:18;2023-12-09T12:02:15;3f522f22-4bfe-42ed-8bf5-a8f71e3e2b94;3f522f22-4bfe-42ed-8bf5-a8f71e3e2b94
5be3548b-24e5-41c7-af34-bb40ed176a45;ACCEPTED;2023-12-09T16:33:13;2023-12-09T07:16:27;6447e5b4-62b6-4c13-83d0-1cc7a0ec96c1;6447e5b4-62b6-4c13-83d0-1cc7a0ec96c1
8573f89c-28d3-4e86-823d-9bb809794ef8;CANCELLED;2023-12-09T19:21:25;2023-12-09T06:45:06;810e43e2-0e01-4794-a8c5-78cfe19a5279;810e43e2-0e01-4794-a8c5-78cfe19a5279
310123ad-2a24-49ac-ac42-85c12faabf34;PENDING;2023-12-09T16:29:02;2023-12-10T02:38:50;1f5e54b3-6302-40f3-bef3-59bb608d4f22;1f5e54b3-6302-40f3-bef3-59bb608d4f22
a1056c4e-0bcf-4e2d-86a5-06cb5b948866;PENDING;2023-12-09T06:07:19;2023-12-09T18:33:03;1212773e-8de0-4ee8-b460-3165768b009a;1212773e-8de0-4ee8-b460-3165768b009a
c5fcf0d7-c4e6-4d97-bb6b-c9a6b51dcac5;CANCELLED;2023-12-09T14:47:14;2023-12-09T15:55:26;b1724916-53d0-45dd-b612-2e391b8f9784;b1724916-53d0-45dd-b612-2e391b8f9784
d90d2022-6fd0-44b6-a452-e1e82c170f99;REJECTED;2023-12-09T18:20:24;2023-12-09T14:49:47;cc705fca-f604-4cda-9106-7f24d530c3b4;cc705fca-f604-4cda-9106-7f24d530c3b4
a07f9a92-7109-4216-8b3c-5930bdfbe061;ACCEPTED;2023-12-09T05:38:44;2023-12-09T21:20:49;21d87295-00c9-4f4f-a254-370d54ed8cb3;21d87295-00c9-4f4f-a254-370d54ed8cb3
9b50c4aa-15d1-45d2-9b33-7510707f3ca9;REJECTED;2023-12-10T01:36:18;2023-12-09T20:51:12;dc59befd-98eb-4dd1-b7dc-9b58c51b6450;dc59befd-98eb-4dd1-b7dc-9b58c51b6450
97c4b76d-dc45-41be-83a2-ee9da947855e;ACCEPTED;2023-12-09T11:30:19;2023-12-09T23:38:28;3e772373-8e44-49e0-828f-cabffa1ab374;3e772373-8e44-49e0-828f-cabffa1ab374
359366d1-8291-4c22-856e-2c5c0be3956d;PENDING;2023-12-09T20:21:10;2023-12-09T08:40:14;1585c475-91f2-4bf7-aae0-368aae451f58;1585c475-91f2-4bf7-aae0-368aae451f58
2ab15411-37a5-4119-bb90-10d93c4c969f;REJECTED;2023-12-09T23:59:21;2023-12-09T14:51:00;9084cbf7-1af3-4408-a58a-33424d1e8e0d;9084cbf7-1af3-4408-a58a-33424d1e8e0d
4443632d-c150-42e5-8f1d-2d473499c3fa;PENDING;2023-12-09T08:52:25;2023-12-09T17:34:18;98f5f5ec-2578-4d78-837a-84a714d6acc7;98f5f5ec-2578-4d78-837a-84a714d6acc7
8daf1126-40c0-41ea-ad45-6b896d8fb4f0;ACCEPTED;2023-12-10T04:25:53;2023-12-09T14:51:43;25751d44-b0da-4f6d-8c1e-52fac5eb65da;25751d44-b0da-4f6d-8c1e-52fac5eb65da
9e68dd44-7cfe-4bb8-826b-b03b26906948;REJECTED;2023-12-09T18:22:51;2023-12-09T10:16:39;18d1c295-9d2b-4c2c-b119-dc8bd9b1b1f2;18d1c295-9d2b-4c2c-b119-dc8bd9b1b1f2
