id;username;display_name;bio;avatar_media_id;cover_media_id;created_at;updated_at
4c2e163b-af06-4dc4-b96f-6c034a39d0f1;what selfishly;lava;../fake-data/blob/hipster.txt;5d71e194-e021-4482-9d84-fd4fc2ec2d13;265cc4dd-1c3f-47ed-8821-02dc024f3f47;2023-12-09T12:28:38;2023-12-09T17:03:51
92a12bb5-f53b-4084-9db6-cebb84ad28a2;that ouch gadzooks;across;../fake-data/blob/hipster.txt;ad3c1735-34e6-4b3a-92cc-f129983c3424;8bfe75e7-b0ef-4d10-bf4b-53b609bc59c8;2023-12-09T08:41:02;2023-12-09T09:20:31
d5ea5543-1544-4c05-8446-f28fa7223f6c;underneath upon promise;famously modulo;../fake-data/blob/hipster.txt;023c5ae9-9a77-4b92-8bb4-0a66a59eb411;6e4ef6f6-3774-4fe3-aa4f-647200998d8d;2023-12-09T15:00:35;2023-12-09T15:10:49
23813ade-97c5-4c3b-ba9c-f89867590754;sleepy before now;mostly retool;../fake-data/blob/hipster.txt;82d97ef7-c64c-4f44-bd10-1624092f4f90;d1eefe46-0117-4f21-957f-e702d740773e;2023-12-09T17:46:47;2023-12-09T23:54:46
c11cbf53-86e8-4827-b291-526dbff167d9;meanwhile voluntarily;boastfully never gah;../fake-data/blob/hipster.txt;e36d0434-46cf-4087-a63d-7d4126d934ef;a773b706-8f1a-47fe-bc2f-5a2763b37587;2023-12-09T20:02:44;2023-12-09T11:07:04
3ee82df8-c221-486f-9229-d6773a3b882a;concerning woot joyfully;harvest;../fake-data/blob/hipster.txt;27880c60-fa0d-4b88-8de1-8e301ad1cd7a;cc7037cc-63a2-4fe6-9df3-01e449b0f109;2023-12-10T03:37:29;2023-12-09T17:33:13
9104c1f1-7b51-4c37-8005-a41a5762688d;incline whether;interestingly whether sugary;../fake-data/blob/hipster.txt;164c7030-52b3-4f43-8cb4-16f5e56c08a0;9f1729fc-713f-498f-8704-a09c7defe9fc;2023-12-09T21:26:11;2023-12-09T11:47:29
b794a41e-2f5b-44d0-88cb-96dcebf74162;mushy indeed questionable;clamour;../fake-data/blob/hipster.txt;474564ca-368d-48aa-91f0-5f277a1bb3a8;711d0303-7378-4578-97db-a8724954e33c;2023-12-09T10:53:01;2023-12-09T08:14:30
61cdd562-3adb-4188-a53b-4117399e4dfd;inasmuch selfishly excepting;joyfully;../fake-data/blob/hipster.txt;2066ce6a-f72a-4353-9b02-969a7df13ad4;ea8ed847-32ea-4e75-acf0-e052c4b17aff;2023-12-10T01:49:41;2023-12-09T15:15:12
88f2e3d2-0fe7-4deb-9478-2f1952432048;bidet;whenever circa;../fake-data/blob/hipster.txt;30adcb33-25d4-43c8-b9c4-99fb4e8e7262;4e285772-0f9d-418c-819e-8b22599e801b;2023-12-09T07:03:58;2023-12-09T21:27:22
98ba9616-1d65-4621-b9ea-a819f0e351fb;blend;outstanding;../fake-data/blob/hipster.txt;5b58a525-1fb1-4923-be1a-2c8ea02fc141;6e50f00a-1b10-4eff-a097-f80d81c50a08;2023-12-10T00:14:11;2023-12-09T08:39:04
ef6780e4-08b1-4258-a892-40d85dca6825;vice abaft;ah nudge absent;../fake-data/blob/hipster.txt;80acad89-300d-4b0f-84de-bf31996d5e85;04b9ccfe-220d-4f7e-8f9c-2b6558f78aa8;2023-12-09T16:16:34;2023-12-09T05:16:26
3f5801bd-c771-40f6-b3ab-5f6e11e542c2;so aboard stark;bin;../fake-data/blob/hipster.txt;1c8a07ef-9daf-4081-bd9e-3ad673e83566;6c135f85-d44f-442c-a7b9-d1bd92143732;2023-12-09T12:15:47;2023-12-09T22:48:57
eece46fd-e527-472f-accd-b91e8d0c7fd5;reproachfully gah;or louse following;../fake-data/blob/hipster.txt;42383e6f-7fed-4700-992b-20499676f48e;adf7c66b-2f5c-4011-a2a5-247de1c6d7d5;2023-12-09T19:57:46;2023-12-09T07:19:23
7e9c5b25-c85f-4c43-9b58-63788ac75631;respectful;recklessly bah bootleg;../fake-data/blob/hipster.txt;83125205-2d2e-40de-a6cb-21bcfde1da74;36c83d2a-559f-4975-8e27-bc749690d1e5;2023-12-09T12:44:31;2023-12-10T02:25:12
3f522f22-4bfe-42ed-8bf5-a8f71e3e2b94;why under;now;../fake-data/blob/hipster.txt;adf83b64-8e2d-481a-bd61-64a2272c27bc;cc9a486b-4b3d-4918-a8d6-c46d04744272;2023-12-09T12:19:19;2023-12-10T03:30:25
6447e5b4-62b6-4c13-83d0-1cc7a0ec96c1;whoever toaster entomb;round whoa;../fake-data/blob/hipster.txt;29af6bb4-434e-49a8-959a-066187b2aa4c;bb5ff0e8-4b2e-4dc0-8ae0-59e30bd9bd1f;2023-12-09T08:02:55;2023-12-10T04:20:22
810e43e2-0e01-4794-a8c5-78cfe19a5279;afore;hmph tune-up aha;../fake-data/blob/hipster.txt;5e159525-fb7f-40a9-a809-6cef9dbc4a01;e460817e-3cdf-44d0-a93c-5438d4079e20;2023-12-09T08:25:24;2023-12-09T19:49:38
1f5e54b3-6302-40f3-bef3-59bb608d4f22;woot;reservation underneath damp;../fake-data/blob/hipster.txt;34796e4c-2f2b-48f2-9f14-5d8d03b4070a;4e8e3ae3-4dbe-453d-9097-90e840fb8755;2023-12-09T09:56:40;2023-12-10T02:04:46
1212773e-8de0-4ee8-b460-3165768b009a;helpless;thyme;../fake-data/blob/hipster.txt;5d002c8c-f726-4431-9ee9-8af6935b1948;40ab35f2-16fd-4a3b-8046-a7f50a7e0c66;2023-12-09T09:17:46;2023-12-09T20:08:44
b1724916-53d0-45dd-b612-2e391b8f9784;corral underneath;psst;../fake-data/blob/hipster.txt;e8535724-d202-4b01-9f0e-2da763df24f3;1c709bc0-1152-4d3a-ad08-60cd9b750838;2023-12-09T07:43:35;2023-12-09T08:00:09
cc705fca-f604-4cda-9106-7f24d530c3b4;underneath impossible nifty;truthfully transplant boyfriend;../fake-data/blob/hipster.txt;c8d52bb0-5009-46d1-9137-624d49662aa2;c2b5b2f2-1825-4e7c-bfd0-80cabc7559e3;2023-12-09T18:15:48;2023-12-09T07:56:12
21d87295-00c9-4f4f-a254-370d54ed8cb3;silently;at even;../fake-data/blob/hipster.txt;bf634650-9041-43ad-835b-0342cf04b411;e2fc0c74-3484-4c3b-8d9c-06c060c0f115;2023-12-09T17:03:11;2023-12-09T09:18:26
dc59befd-98eb-4dd1-b7dc-9b58c51b6450;inside;pantyhose;../fake-data/blob/hipster.txt;315fe566-8914-47c6-bed5-b42549f8b31c;58525312-fa98-4cab-af68-8aee2b4dcd79;2023-12-09T16:17:37;2023-12-09T12:42:40
3e772373-8e44-49e0-828f-cabffa1ab374;yowza;spice option;../fake-data/blob/hipster.txt;933b0e05-2b61-4f56-8733-19f561d24a95;cf17a7cc-cd0a-4c41-b80b-24da22df48d7;2023-12-09T21:37:44;2023-12-09T08:43:10
1585c475-91f2-4bf7-aae0-368aae451f58;muddy gently;colorfully rapidly breakable;../fake-data/blob/hipster.txt;8688c255-4327-4e19-98d1-27571a56a1ec;9a5dd412-7a48-4450-8453-af134ed42b2d;2023-12-09T21:55:04;2023-12-10T03:19:56
9084cbf7-1af3-4408-a58a-33424d1e8e0d;tense unique;uncommon separate;../fake-data/blob/hipster.txt;c1038fc5-54f0-4a99-9598-e81d22c6b211;e8fd2b2b-4a40-4d9b-bc99-7d1c9b51d1c4;2023-12-10T02:31:43;2023-12-09T23:56:15
98f5f5ec-2578-4d78-837a-84a714d6acc7;without whenever;lovingly;../fake-data/blob/hipster.txt;65561aed-cdde-48e3-a2fa-e240556e340f;11799c88-b0b4-48a4-b974-dff66777f837;2023-12-10T01:42:59;2023-12-09T05:59:58
25751d44-b0da-4f6d-8c1e-52fac5eb65da;commonly brr;ouch numeric;../fake-data/blob/hipster.txt;22473231-83e9-4f84-8aa9-b4a8981cecbf;5a7c7cf6-50b9-4ea1-a768-a6ffa11f9095;2023-12-09T10:05:12;2023-12-09T10:06:50
18d1c295-9d2b-4c2c-b119-dc8bd9b1b1f2;absentmindedly pro;unimportant psst;../fake-data/blob/hipster.txt;b0b810da-ae9c-42f8-bf1a-828280f9acd3;0e51bec5-7756-495e-9492-5343b821839a;2023-12-09T23:09:43;2023-12-09T10:56:42
