id;media_id;display_order;created_at;post_id
8a1ae173-e848-4377-a1e9-2f73405602af;f67b0a95-4115-4ff9-a642-89bd3fbc95bc;17381;2023-12-01T23:11:32;f9c06566-6017-4875-9d3e-bf55883b7813
d3a5a0a3-9347-47c4-bff3-bdaa6e1e3df3;dd137abc-bb37-498e-bf57-d9efc6cff867;31324;2023-12-02T17:20:41;c16d45e7-1a36-4c5d-b4f7-52aa42095cc1
9f376b4b-7eaa-49a9-9c25-bad395c701a5;1d753b07-cd36-47f7-923d-a9f35674e056;23771;2023-12-02T03:39:15;fc919f2c-530e-4fdf-8d1c-3eb4db6a49f7
3c6bbff9-54fd-4533-ace9-8cf286176849;fc3b24f2-ba70-4ba2-917c-3cb20536e5c2;24308;2023-12-02T12:19:43;e180b8df-066d-457a-801f-909f78364138
974b0efb-51e1-4f19-923f-9dbf4039bf50;5f7c7c87-0715-4c3a-8dab-d1ab4f7c2d1d;26175;2023-12-02T11:04:11;cb0d45ea-5a68-47a3-9388-1ad964768d66
ee72be57-f1ad-41f7-985b-e55f8fe48f65;af46a501-a17d-44f5-aa1c-149875603d0c;12805;2023-12-02T12:31:55;34efb4c2-044f-4bd5-9cc5-b5663d30c3f3
642fef07-650c-47b2-a663-4df08948cc37;c79094eb-37af-43b5-9d60-56fa0828cadc;3860;2023-12-02T02:02:23;01adac73-54c5-430a-87d7-967865ab620c
93265b31-05d6-450f-af02-187ef6ce128d;1178e477-ac1f-42ee-8e66-8ac6867d3568;15053;2023-12-02T11:10:37;af18025b-d5ba-404a-a4a3-3e2600a31eba
5a620e87-f779-405e-9ba8-2a7b7f5d7a2b;90a9c882-3973-430c-87b8-a7d221b0e5cc;31773;2023-12-02T07:18:36;b3747dda-96ea-478b-9ef6-9963250221e7
468fd160-2cbf-4063-a249-a1fc96d8bdf2;ff1f1c4a-8a09-4337-bbaa-e743ff3b39fd;26388;2023-12-02T06:48:54;eefc7c33-257c-45d6-81b2-383a413134b0
0eda803a-7406-49c6-beae-498ef3a9ba69;d3a5555f-eadb-44f8-a7cc-d5e75ca383dc;19523;2023-12-02T10:07:11;e13e990d-4453-4374-97ab-8efd518f1e2e
20367136-fcd3-4101-af76-a99e03c93f21;d1456ad8-3cec-4a93-81f1-499ca6369817;14589;2023-12-01T21:08:59;2fb82a7a-9d60-48e3-991a-32bec3c6a433
9c17379f-1b63-4a14-9dce-770031d35649;7c80ab43-3c90-4a38-96f1-5500f14ee2a9;19713;2023-12-01T23:43:53;23d63f8e-f466-44d0-a1c6-c48f63dd1c46
e8a171e8-efe9-4914-8ec4-b098854ad840;174a437f-2128-4e54-931e-b137abce0be7;18801;2023-12-02T04:48:15;03c4375c-d272-4530-b8b9-792ec3569106
5493669a-5d44-4124-bbe3-82c5a63e2fbc;b5ced213-63e5-4c77-95c6-84078439b0b0;15003;2023-12-02T01:36:06;a9aad2ea-102d-4db2-8a8d-907e9ce8f9cd
a53e5a18-791d-4c29-9a8b-444431222dbd;43769b9a-17e7-4dfd-a251-883d9057c780;27095;2023-12-02T00:36:59;b5951359-8cba-400d-afeb-9251e7551eb2
3c5e90b4-f757-475c-960c-b426385a9763;1419469f-a26a-497e-b15f-35e26520b5c3;13675;2023-12-02T08:51:36;d1f8c6cb-3424-49a0-b4d0-458c2ba98749
b56a6ec5-a77e-4fa2-9bea-2830455de361;0f49b055-8067-4cf1-a888-cbfc06375b69;1378;2023-12-02T17:13:52;624020b3-1ce8-4e29-a456-c9be71a8f8af
3088c4e5-d6bb-4c3a-8ff8-3b3cc3b4146f;fc6dd313-8d67-4d19-921f-6302198bab68;6002;2023-12-02T00:03:29;756e7794-b176-4513-90c9-ad21d0aec555
d0f24081-78c0-4e90-a115-7a6268ce7689;6b1f9ece-3e38-463c-96a1-74c9e59450fd;21255;2023-12-02T10:39:52;376f4a2e-ed6f-489b-a227-1d5d1c99859e
920059ea-277a-4c89-b9e2-426027df784c;f6947d93-201d-480e-80bc-b22b16933b64;8175;2023-12-02T11:15:47;fba5b74e-8395-4773-ada4-e393b452b46b
dc72cd73-03e2-4f83-9478-062e0fcc5059;8e854c2e-807d-4c97-a501-c25421deac76;16123;2023-12-02T05:21:37;b50e32f7-d699-4133-8dea-3a7629d23e6b
dac93ef7-afae-493d-8b8b-382802ea0f85;56eeb629-3143-48f0-91e1-1904d79d30bf;7851;2023-12-02T00:25:36;068789a8-cee2-4d74-8d1f-fc543ca45a81
443f6b95-8b11-4cf4-b09e-bd650e2bbd2c;686f4ac8-06d4-4546-a78a-a7eab9f6aa4a;29610;2023-12-02T17:44:12;e0465be3-20c0-4f58-b5ce-438fb69c123b
5db121ca-d181-47aa-9e06-02120fc15804;88378ddc-55fd-4349-843e-303d8bf1d4b9;13442;2023-12-02T01:23:44;fc713820-60d4-4df8-854a-f6170b0c5458
89a95d39-676b-4e29-9842-9406410903f3;ae3ad0d1-0f1a-4e9a-b28b-7c9c9befac20;28752;2023-12-02T18:41:40;f6ed65b5-4f5b-4a45-8531-fb79b37b1470
b521f3a9-435e-4514-8ba1-528eb8572069;7c482107-c000-41b0-bb42-99fc9225b7b2;592;2023-12-02T11:29:09;4a927dcf-68e3-4928-80fd-9f490c8b1051
36d261b0-77f9-4ec1-a2dc-3286164b9a58;bf2086a9-01a6-41d2-a4fd-1104343a8ab8;18906;2023-12-01T20:49:03;b1b86707-c155-461a-8555-8b5ec38ef317
268d81c0-e5d1-4378-b094-fc139a511fab;99e9272b-ccd2-451c-b206-fcd14da49f80;29914;2023-12-02T10:10:57;75087563-43eb-4560-8c01-04dee184ec78
ea72c339-5bd7-4683-b155-f39739b0fa8c;d8fc029c-57ec-4ded-b6d9-671e85533521;21618;2023-12-02T10:24:49;f67f145f-8de3-4aba-beb0-313fe06e4f4e
