id;post_id;author_id;content;status
044cd8fa-1fb8-4a2e-b5c1-f6bdab55436b;7e37459b-74da-426c-ad14-7b3f7ca094fd;2259840d-ec7e-4cb0-a671-4eebafd2cfce;../fake-data/blob/hipster.txt;ACTIVE
ef17ee4c-2788-4912-af37-acbe11067022;623e0ef7-0652-415c-8960-b37e907af507;9d7e6121-6149-4e0e-ad7c-85f85869808e;../fake-data/blob/hipster.txt;ACTIVE
746e92c2-00fd-4e8a-b699-7935e3ab1d51;6b732258-b419-4abc-8f2b-7af9be13cbff;d3bd7930-b819-4091-b084-197150caa0c6;../fake-data/blob/hipster.txt;DELETED
98b2c0f7-9183-4bab-b3ba-023bb6f6ea89;8b4cba19-5027-4927-9746-a55e3ff050f6;e0b251c5-6fc3-4795-a4c8-d63249b2d141;../fake-data/blob/hipster.txt;ACTIVE
780fe8cb-6c63-450c-8be7-3359486e154d;d324bb1a-eeec-43a6-b2aa-1edd28e628b8;65f5af24-a160-4afa-81f1-a475a4c86b5a;../fake-data/blob/hipster.txt;ACTIVE
62d2d4c5-092e-4da9-a077-85edcb044929;8027f21b-3e14-4a9f-893c-27c8c0b0b111;ee51e47a-1c8d-4e64-836e-b1d4546bd426;../fake-data/blob/hipster.txt;DELETED
c354006d-c40f-4d67-8b84-f09064d62559;3bf6a679-017d-4126-81df-0017d9ff13c5;92afcd2f-707b-4c00-bbfe-377eac17763e;../fake-data/blob/hipster.txt;ACTIVE
f5214c06-4cbe-4960-84ac-0302aad1d346;32cfd84a-5eeb-4b3a-bd03-a7404351b236;7d70a928-7f5c-4935-a381-03cdaa9d0fb6;../fake-data/blob/hipster.txt;ACTIVE
af9631f3-5d2b-43a3-b777-e245d06d0a21;cd8c5080-588f-464b-bf60-71951e88e846;50d1d08e-08fc-4868-8f03-d60d92a1bee9;../fake-data/blob/hipster.txt;ACTIVE
f6c3632f-865e-4e48-903e-40f8c6730c2d;3b3dcff3-b829-40ff-9824-5a221356a830;85dc1e30-2a80-4fc4-9667-b46b13c226bb;../fake-data/blob/hipster.txt;DELETED
849fb2cf-8cca-4c3a-8720-8112778b1322;4f7dba98-fefc-4684-ae49-6dc247b967ed;43ffbe8c-efb3-4b6e-a8fb-8a29fdc4a4ab;../fake-data/blob/hipster.txt;DELETED
e6787a61-95ee-448a-aede-f5c19df411d4;1b99a72c-c02a-4a72-9ef9-ce32e7ca2641;51fd8fc0-a13e-4264-a4db-8c8bbd903157;../fake-data/blob/hipster.txt;ACTIVE
d85eaeb0-ecd4-4fc6-8009-2a1cb06c31b7;e96cdc55-1cd3-42ea-a08e-057b2c55abc7;0bdce348-0740-4111-aa35-1c77e76795b7;../fake-data/blob/hipster.txt;ACTIVE
c171b17c-191a-459d-9082-4232a7efce80;a668dcb9-829e-4512-a495-3e71e7eedfeb;7af1ee7c-90df-4f89-8c5f-60e69e6b57e1;../fake-data/blob/hipster.txt;ACTIVE
212b1785-d871-410c-bdc6-5545822cc9d8;914518ff-423e-47a5-b525-8323fc1404f8;a9106ae3-4677-4268-a002-0447e7d711e3;../fake-data/blob/hipster.txt;DELETED
f9d17cf5-e47d-4a5b-a96e-92ca49078334;29c79a28-65a6-4a08-ba3d-83d2682babe4;f1bba15d-61cc-47ea-a0a2-be9bbca64ead;../fake-data/blob/hipster.txt;DELETED
a0ce709b-e8b2-4d6d-9fd9-2caeafea4ed5;bf91c8d2-b6b7-41ce-add3-6bd51b86f91c;afaa650e-dcb2-4ebb-91df-29c6bca90f03;../fake-data/blob/hipster.txt;ACTIVE
5f7e565b-fc9c-42e7-8d58-70a15efe91c2;02b3aed5-7830-475d-a085-38a40adafcbb;81493e10-d0f0-4f07-b25e-646e09d04d72;../fake-data/blob/hipster.txt;DELETED
800f7024-d500-49f3-a36b-24c88edc0245;333f1253-214a-402e-950a-8d8e7183697c;9bbf603d-83ac-4af3-87f3-8784a7e035dc;../fake-data/blob/hipster.txt;ACTIVE
91dc7eda-161a-40e8-bcdf-023a87f03afd;f927561c-7b6a-4070-8f7f-e116611cfc19;be6d2838-8a49-49ee-b0e7-d8c06121e011;../fake-data/blob/hipster.txt;DELETED
330b20d5-c46b-4fb2-941d-3bc86960fbc7;6f364f6c-78f5-4745-8361-636119ee6e17;57c8279f-04b6-41a2-bf6b-9e0fbcbdfb3d;../fake-data/blob/hipster.txt;ACTIVE
d6f76965-96a7-4e28-81b3-c2a01303e42b;283202bb-e778-4f3a-a068-18475febf019;ff5bd94a-f4e9-4a9c-a89b-2581c9997ea0;../fake-data/blob/hipster.txt;ACTIVE
c8f60e1a-6a07-498c-aba2-00fbc6d12328;a4ffcc81-37d2-4f75-b075-c35c0e03ae0d;69fb5098-7a74-4667-84e0-1d1d49687f17;../fake-data/blob/hipster.txt;ACTIVE
e6579e7a-a0ae-4bff-b5a5-479ae72430fb;1c303fd3-c182-4c2d-abef-e34ac1129669;7b0bce57-0c8c-4445-bbb5-3808eab3e68a;../fake-data/blob/hipster.txt;ACTIVE
fd8a8c65-6dd2-4e29-8c08-a66ee1f58937;6ed3cad3-1fd2-4369-a552-91a983c8ea20;121950c1-7574-4e53-9dad-d59e023430e4;../fake-data/blob/hipster.txt;DELETED
172737ab-6f85-4a76-949b-57abe4b467b1;3f37e949-8244-45d7-9323-2b5d6aaa310d;ed750140-0151-4b00-8502-7b70949e8ae0;../fake-data/blob/hipster.txt;ACTIVE
43f5decd-675f-46e8-acf8-a9293eccbe3c;eb534989-2b2b-4335-97bd-d5a8c72bbce9;0bdc9944-f2ea-4286-a7a1-c204e4b2e0a0;../fake-data/blob/hipster.txt;ACTIVE
08965299-7afe-4eff-bb60-72e3007fb3e2;38c98741-ddf5-4413-ba81-8fce1f6a7a47;ef27e751-4af6-4b4b-9c49-6c0d0214e810;../fake-data/blob/hipster.txt;ACTIVE
2db40308-aaf7-4788-b162-bfdfbd34026d;b13cd934-b777-4e5b-a98a-e394318ceef3;6d798af3-94c4-4384-a59c-d9846cd49a05;../fake-data/blob/hipster.txt;DELETED
b461b24c-d814-47e2-8a3c-2c2084aaf5ed;a787f26c-ca8f-49ba-b9a7-ff4d9fb602b8;5fcc382f-a81a-4f8f-9dd9-0e8ae31a1eb9;../fake-data/blob/hipster.txt;ACTIVE
