id;author_id;visibility;status
45b7896b-06d1-44c6-b0cf-8d48ad534605;d64c4573-18ad-4ec0-ac1e-4c10a10f610b;after;why phooey excepting
b1d69a40-b879-405d-aa9d-c821252ee1f3;b7b969d9-0217-4c79-8bf0-f55e2db8a27d;fess;uneven strictly
059f5cdf-fb33-43d1-94ec-b233927928ac;f3b3974b-739f-45cb-9cd2-da4ef3cb6087;question;venom
11ef0d3d-f84c-4709-a65f-6e8fc408ce60;c9e391cf-d6d1-4e25-b661-772f7f010271;well;graduate apropos
aaef6d72-e8a5-43f9-9229-f652c81cc0ea;622b1b34-7cee-4fd6-b960-7feac4ce79f3;failing;following cap
6858350f-551f-4015-9066-9f8a4e4383c9;71dbcf5b-f417-4a72-b5b1-d5987bb37ae6;furthermore;blank
1923aa3b-cf99-475c-92fc-15ac2dd84d9e;6a24b3a1-cf75-4572-9ceb-e4c0b631c64c;yippee gadzooks sweet;yahoo ew
4acff82f-0fa2-4960-a056-c82bfa2e0cea;a55cc23a-b457-49a2-80ec-20f7082bb841;circumference;via or weight
d15f375b-cf19-4697-a54f-ff51d1081e3d;51fbd9b6-ad74-4e7c-b435-b0b81d0118e1;nor surprise more;down
b77a05d5-b60e-451d-a461-0c1fa6d1a577;a8ff27ba-f391-45b2-b949-8c94c37b505f;valley wildly consequently;lampoon defendant
9a25822a-6c51-4053-a8f8-e8923ba72c21;dbb89177-c093-4a31-a06e-3b3f745a85f5;while pish championship;um soliloquy sympathetically
4fb46bfd-5c04-4492-a33a-c8916a08b9b0;46de26bd-7c5c-41fd-b535-ddfb5bca1d21;likely;till belabor
fbd1474a-7cb9-4e70-9453-58532b6f23d5;d9f91901-9a2a-4e2d-af60-01d81ee0b1e8;as blond;ouch soap whoa
e0063f35-d898-485d-9036-e1af66a89f15;6f25cb6d-1b8e-431d-844f-db02dc7e097c;attraction;majority
7c5c780d-41fc-401f-9ee2-0d4fbd4d1da6;86001eeb-a7f7-4828-8b47-9e9e9900dde4;onto zowie aha;regularly tightly
075cb8e7-df95-4ce7-91a7-eabfc8578f06;b298ee90-cd5a-44f2-93f9-902eceb5ead0;ah out;liberalize why
e16b82f4-d98f-48a0-b30e-227e52373c72;5d8d1c45-ecf3-47bf-95a1-540c22400c43;captain guard shoulder;uh-huh
6c7a21cb-62fa-47fd-abcd-205784eccbcd;bfa39e27-9dcf-4e78-8706-af9d059d1df9;ragged;fencing annex deplore
18d4ea1a-76f2-4046-926d-0d6a0d1f8f9d;15b460af-0534-489e-a33b-4efe946f64db;comb next;hole
21272fc6-9dff-491f-921f-e145b7c96a75;ea6fe0e7-74d3-4af6-9f8d-3dace11baf31;mmm practical readily;animated urgently inscribe
c8c15b03-cf05-4451-9c43-fef68ff8fcd1;4f1c024d-95c0-4436-b61e-3c30c4d64203;airport king;optimal
29c7f235-1ffb-4c83-88c4-ea4f003299a1;9ac6a08d-e535-4da0-83e1-c52800e2d61a;inasmuch;sometimes humidity during
f453e029-a28d-4f56-a9c7-659850100b5b;7291a957-9ad2-4ef1-a507-c3da6e42ff38;like modulo sunny;supposing
75074881-51be-4d4c-bffb-ba5d40a5dfd1;6f22fade-b539-4190-b5cd-f7663fe8c3ac;however irritably;willfully versus
aaa782ad-28ec-42dc-9d78-48896f3670e9;102260cf-edb4-410b-87dc-78330e6d5a71;quick nor;aw ha homely
6715c49b-0c2f-4a12-874f-f1121f4e9c53;86632ec2-c1af-4898-a186-c40f504c4720;absent;record but
be5150b3-c9bd-4b05-bf94-d2a6464ac7bd;f7fc2c88-d902-47bc-bb86-4553bef645e0;unimpressively towards drug;drat
b6523036-4977-4d59-a6d9-4b7b71d47818;70019e0d-a1a8-4d41-927e-3c7962593fbe;frightfully yahoo;cheerfully
7fb323c2-2016-4fff-8647-1d85b88779f3;a03bee9d-e286-4cf5-b1dd-3ff3a0f2811a;above geez wolf;draft stage evil
c7657edd-ded3-4255-90e8-e7668de17dcc;72ff4977-5912-4663-b8df-d856607f6778;boo tenderly necessary;yum agitated within
